"Variable","VIF"
"log_energy",6.78934336271884
"log_gdp",6.09739058050738
"log_methane",3.37828693981069
"log_flaring",2.39979541435931
"log_nitrous",1.91956188658336
"log_land_use",1.22258815619375
