"Variable","VIF"
"log_energy",4.14514841007699
"log_oil",4.12223225113207
"year",1.07033800182475
