"Variable","VIF"
"log_energy",6.09054319931784
"log_oil",4.24343287813466
"log_gas",2.36323465241531
"log_coal",1.5567203050966
"log_flaring",1.39729629208335
